Substrate_high_level	Substrate_Simple	Family	Name	EC_Number	Endolytic
beta-mannan	mannooligosaccharides	GH130	"beta-1,2-oligomannan phosphorylase"	2.4.1.-	
beta-mannan	beta-mannan	GH130	"beta-1,2-mannobiose phosphorylase"	2.4.1.-	
chitin	chitin	GH16	"chitin beta-1,6-glucanosyltransferase"	2.4.1.-	
beta-glucan	"beta-1,3-glucan"	GH16	beta-transglycosidase	2.4.1.-	
beta-glucan	"beta-1,3-glucan (fungi, algae, plant)"	GH17	"beta-1,3-glucanosyltransglycosylase"	2.4.1.-	
raffinose	raffinose family oligosaccharide (plant)	GH27	galactan:galactan galactosyltransferase	2.4.1.-	
peptidoglycan	peptidoglycan	GH3	beta-N-acetylglucosaminide phosphorylases	2.4.1.-	
fructan	levan (fructan)	GH32	levan fructosyltransferase	2.4.1.-	
fructan	graminan- and levan-type fructans	GH32	[retaining] sucrose:sucrose 6-fructosyltransferase (6-SST)	2.4.1.-	
fructan	"fructan(inulin, levan and sucrose)"	GH32	cycloinulo-oligosaccharide fructanotransferase	2.4.1.-	
sialic acid	sialic acid	GH33	trans-sialidase	2.4.1.-	
beta-mannan	beta-mannan (plant)	GH5	mannan transglycosylase	2.4.1.-	
alpha-glucan	"kojibiose and alpha-1,2-oligoglucan"	GH65	2-O-alpha-glucopyranosylglycerol: phosphate beta-glucosyltransferase	2.4.1.-	
chitin	4-O-β-glucosyl-galactose	GH94	4-O-β-D-glucosyl-D-galactose phosphorylase	2.4.1.-	
fructan	"fructan(inulin, levan and sucrose)"	GH32	sucrose:fructan 6-fructosyltransferase	2.4.1.10	
fructan	synthesize β (2-6)-linked fructan levan with sucrose as substrate	GH68	levansucrase	2.4.1.10	
alpha-glucan	"starch, glycogen, and malto-oligosaccharides"	GH13	oligosaccharide alpha-4-glucosyltransferase	2.4.1.161	
starch	glycogen and starch	GH31	"oligosaccharide alpha-1,4-glucosyltransferase"	2.4.1.161	
alpha-glucan	"starch, glycogen, and malto-oligosaccharides"	GH13	branching enzyme	2.4.1.18	
beta-glucan	"beta-1,4-glucan, glycogen"	GH57	branching enzyme	2.4.1.18	
cellulose	cellobiose	GH94	cellobiose phosphorylase	2.4.1.20	
alpha-glucan	"trehalose, kojibiose"	GH65	trehalose-6-phosphate phosphorylase	2.4.1.216	
glycogen	glycogen	GH13	4-alpha-glucanotransferase	2.4.1.25	
starch	"starch, glycogen, and malto-oligosaccharides"	GH57	4-alpha-glucanotransferase	2.4.1.25	
starch	amylomaltase	GH77	amylomaltase or 4-alpha-glucanotransferase	2.4.1.25	
beta-mannan	beta-mannan	GH130	"beta-1,4-mannosylglucose phosphorylase"	2.4.1.281	
exo-polysaccharide	"glucopyranosyl-α-1,3-rhamnose (bacteria lipopolysaccharides or capsule polysaccharides)"	GH65	3-O-alpha-glucopyranosyl-L-rhamnose phosphorylase	2.4.1.282	
beta-mannan	beta-mannan	GH130	"beta-1,4-mannooligosaccharide phosphorylase"	2.4.1.319	
beta-mannan	beta-mannan	GH130	"beta-1,4-mannosyl-N-acetyl-glucosamine phosphorylase"	2.4.1.320	
cellulose	cellobionic acid	GH94	cellobionic acid phosphorylase	2.4.1.321	
sucrose	sucrose	GH13	[retaining] sucrose 6(F)-phosphate phosphorylase	2.4.1.329	
beta-glucan	"1,2-β-oligoglucan"	GH94	"β-1,2-oligoglucan phosphorylase"	2.4.1.333	
beta-mannan	beta-mannan	GH130	"β-1,2-mannobiose phosphorylase"	2.4.1.339	
beta-mannan	beta-mannan	GH130	"β-1,2-oligomannan phosphorylase"	2.4.1.340	
glucosylglycerate	glucosylglycerate	GH13	Glucosylglycerate phosphorylase	2.4.1.352	
sucrose	Sucrose	GH13	amylosucrase	2.4.1.4	
cellulose	cellodextrin	GH94	cellodextrin phosphorylase	2.4.1.49	
alpha-glucan	trehalose	GH65	trehalose phosphorylase	2.4.1.64	
sucrose	Sucrose	GH13	sucrose phosphorylase	2.4.1.7	
alpha-glucan	"maltose (α1,4)"	GH65	maltose phosphorylase	2.4.1.8	
fructan	synthesize β (2-1)-linked fructan	GH68	inulosucrase	2.4.1.9	
beta-glucan	"beta-1,3-glucan"	GH149	"beta-1,3-glucan phosphorylase"	2.4.1.97	
fructan	"fructan(inulin, levan and sucrose)"	GH32	sucrose:sucrose 1-fructosyltransferase	2.4.1.99	
starch	"starch, glycogen, and malto-oligosaccharides"	GH13	"alpha-1,4-glucan: phosphate alpha-maltosyltransferase"	2.4.99.16	
beta-glucan	beta-glucan	GH1	beta-glycosidase	3.2.1.-	
polyphenol	rutin (polyphenol)	GH1	"beta-rutinosidase /alpha-L-rhamnose-(1,6)-beta-D-glucosidase"	3.2.1.-	
alkaloid	alpha-tomatine (glycoalkaloids)	GH10	tomatinase	3.2.1.-	
xylan	arabinoxylan	GH10	"[retaining] arabinoxylan-specific endo-beta-1,4-xylanase"	3.2.1.-	Yes
peptidoglycan	peptidoglycan	GH102	peptidoglycan lytic transglycosylase	3.2.1.-	
peptidoglycan	peptidoglycan	GH103	peptidoglycan lytic transglycosylase	3.2.1.-	
ulvan	ulvan	GH105	"d-4,5-unsaturated beta-glucuronyl hydrolase"	3.2.1.-	
pectin	pectin	GH105	"d-4,5-unsaturated alpha-galacturonidase"	3.2.1.-	
host glycan	"blood group B substances, host glycans"	GH110	"alpha-1,3-galactosidase"	3.2.1.-	
arabinogalactan protein	arabinogalactan	GH115	alpha-(4-O-methyl)-glucuronidase	3.2.1.-	
host glycan	glycosphingolipid (host glycan)	GH123	glycosphingolipid beta-N-acetylgalactosaminidase	3.2.1.-	
alpha-mannan	"alpha-mannan, plant N-glycan"	GH125	"exo-alpha-1,6-mannosidase"	3.2.1.-	
pectin	pectin (rhamnogalacturonan II)	GH127	3-C-carboxy-5-deoxy-L-xylose (aceric acid) hydrolase	3.2.1.-	
carrageenan	carrageenan (marine algae)	GH127	"alpha-1,3-(3,6)-anhydro-D-galactosidase"	3.2.1.-	
beta-glucan	"beta-1,3-glucan (bacteria, fungi, plant, algae)"	GH128	"beta-1,3-glucosidase"	3.2.1.-	
carrageenan	carrageenan (marine algae)	GH129	"alpha-1,3-(3,6)-anhydro-D-galactosidase"	3.2.1.-	
starch	starch	GH13	maltopentaose-forming alpha-amylase	3.2.1.-	
beta-mannan	beta-mannan	GH130	"beta-1,2-mannosidase"	3.2.1.-	
human milk polysaccharide	human milk oligosaccharides	GH136	Lacto-N-biosidase (Lewis antigen a/b specificity)	3.2.1.-	
pectin	pectin (rhamnogalacturonan II)	GH139	alpha-2-O-Me-L-fucosidase	3.2.1.-	
pectin	pectin (rhamnogalacturonan II)	GH140	"beta-1,2-apiosidase"	3.2.1.-	
pectin	pectin (rhamnogalacturonan II)	GH143	2-keto-3-deoxy-D-lyxo-heptulosaric acid hydrolase	3.2.1.-	
beta-glucan	beta-glucan and lichenin	GH148	"beta-1,3-glucanase"	3.2.1.-	
exo-polysaccharide	"deacetylated poly-β(1,6)-N-acetyl-glucosamine (bacterial PNAG for biofilm)"	GH153	"poly-beta-1,6-D-glucosamine hydrolase"	3.2.1.-	
arabinogalactan protein	arabinogalactan proteins	GH154	"beta-1,6-D-glucuronidase"	3.2.1.-	
host glycan	mucin-type O-glycans	GH16	"endo-beta-1,4-galactosidase"	3.2.1.-	Yes
exo-polysaccharide	exopolysaccharides (bacteria)	GH16	beta-glycosidase	3.2.1.-	
carrageenan	carrageenan	GH16	beta-carrageenase	3.2.1.-	
host glycan	N-glycan (host glycan)	GH163	"endo-beta-N-acetylglucosaminidase cleaving GlcNAc-beta-1,2-Man"	3.2.1.-	Yes
alpha-galactan	exopolysaccharide galactosaminogalactan (fungal GAG)	GH166	"alpha-1,4-galactosaminogalactan hydrolase"	3.2.1.-	
beta-glucan	"beta-1,3-glucan (fungi)"	GH17	"beta-1,3-glucosidase"	3.2.1.-	
peptidoglycan	peptidoglycan	GH18	peptidoglycan hydrolase with endo-beta-N-acetylglucosaminidase specificity	3.2.1.-	Yes
chitin	chitooligosaccharides (symbiotic nitrogen-fixing bacteria)	GH18	Nod factor hydrolase	3.2.1.-	
chitin	chitin	GH19	chitinase	3.2.1.-	
pectin	pectin (rhamnogalacturonan II)	GH2	alpha-L-arabinopyranosidase	3.2.1.-	
pectin	pectin (rhamnogalacturonan II)	GH2	beta-galacturonidase	3.2.1.-	
exo-polysaccharide	capsular polysaccharide (bacteria)	GH20	"beta-1,6-N-acetylglucosaminidase"	3.2.1.-	
host glycan	mucin	GH20	beta-6-SO3-N-acetylglucosaminidase	3.2.1.-	
beta-mannan	beta-mannan	GH26	mannobiose-producing exo-beta-mannanase	3.2.1.-	
pectin	xylogalacturonan (pectin)	GH28	xylogalacturonan hydrolase	3.2.1.-	
beta-glucan	"beta-1,3-1,4-glucan (laminarin, lichenin and cereal D-glucans)"	GH3	"exo-1,3-1,4-glucanase"	3.2.1.-	
beta-glucan	"beta-1,2-glucan (bacteria)"	GH3	"beta-1,2-glucosidase"	3.2.1.-	
beta-glucan	"beta-1,3-glucan (laminarin, lichenin and cereal D-glucans)"	GH3	"beta-1,3-glucosidase"	3.2.1.-	
xylan	xylan	GH30	[reducing end] beta-xylosidase	3.2.1.-	
pectin	"pectin (rhamnogalacturonan II), lipopolysaccharides (bacteria)"	GH33	Kdo hydrolase	3.2.1.-	
beta-galactan	galactan and arabinogalactan	GH35	"beta-1,3-galactosidase"	3.2.1.-	
alpha-mannan	alpha-mannan (fungi)	GH38	"mannosyl-oligosaccharide alpha-1,3-mannosidase"	3.2.1.-	
palatinose	"isomaltulose (palatinose, from honey and sugar cane)"	GH4	palatinase	3.2.1.-	
arabinan	"paeonolide, ginsenoside, arabinoxylan, and arabinan"	GH42	alpha-L-arabinopyranosidase	3.2.1.-	
arabinan	"arabinan, arabinoxylan"	GH43	"alpha-1,2-L-arabinofuranosidase"	3.2.1.-	
arabinan	"arabinan, arabinoxylan"	GH43	"exo-alpha-1,5-L-arabinofuranosidase"	3.2.1.-	
arabinan	arabinan	GH43	"[inverting] exo-alpha-1,5-L-arabinanase"	3.2.1.-	
xylan	"beta-1,3-xylan (algae)"	GH43	"beta-1,3-xylosidase"	3.2.1.-	
arabinan	sulfated arabinan	GH49	"sulfated arabinan endo-1,4-beta-L-arabinanase"	3.2.1.-	Yes
beta-mannan	beta-mannan	GH5	"beta-1,3-mannanase"	3.2.1.-	
xylan	arabinoxylans	GH5	"arabinoxylan-specific endo-beta-1,4-xylanase"	3.2.1.-	Yes
beta-glycan	beta-glycoside	GH5	beta-glycosidase	3.2.1.-	
polyphenol	rutin (polyphenol)	GH5	"beta-rutinosidase /alpha-L-rhamnose-(1,6)-beta-D-glucosidase"	3.2.1.-	
beta-mannan	glucomannan	GH5	"glucomannan-specific endo-beta-1,4-glucanase"	3.2.1.-	Yes
beta-glucan	laminarin (algae)	GH55	laminarin-degrading enzyme	3.2.1.-	
peptidoglycan	peptidoglycan	GH73	peptidoglycan hydrolase with endo-beta-N-acetylglucosaminidase specificity	3.2.1.-	Yes
arabinogalactan protein	arabinogalactan protein	GH79	beta-4-O-methyl-glucuronidase	3.2.1.-	
host glycan	sulfated glycosaminoglycans	GH88	"d-4,5-unsaturated beta-glucuronyl hydrolase"	3.2.1.-	
beta-glucan	xanthan	GH9	"endo-beta-1,4-glucanase (xanthanase)"	3.2.1.-	Yes
host glycan	host N-glycan Man9(GlcNac)2	GH92	"mannosyl-oligosaccharide alpha-1,3-mannosidase"	3.2.1.-	
host glycan	host N-glycan	GH92	"mannosyl-oligosaccharide alpha-1,6-mannosidase"	3.2.1.-	
host glycan	host N-glycan	GH92	"alpha-1,2-mannosidase"	3.2.1.-	
host glycan	host N-glycan	GH92	"alpha-1,3-mannosidase"	3.2.1.-	
host glycan	host N-glycan	GH92	"alpha-1,4-mannosidase"	3.2.1.-	
host glycan	host N-glycan	GH92	"mannosyl-1-phosphodiester alpha-1,P-mannosidase"	3.2.1.-	
arabinan	arabinan (pectin)	GH93	"exo-alpha-L-1,5-arabinanase"	3.2.1.-	
"pectin, xylan"	"plant pectic polysaccharide, xylan"	GH95	alpha-L-galactosidase	3.2.1.-	
arabinogalactan protein	arabinogalactan	PL42	"L-Rhα-α-1,4-GlcA α-L-rhamnohydrolase"	3.2.1.-	
starch	"starch, glycogen, and malto-oligosaccharides"	GH13	alpha-amylase	3.2.1.1	Yes
starch	"starch, glycogen, and malto-oligosaccharides"	GH13	[retaining] alpha-amylase	3.2.1.1	Yes
starch	"starch, glycogen and related polysaccharides and oligosaccharides(containing three or more (1->4)-alpha-linked D-glucose units)"	GH57	alpha-amylase	3.2.1.1	Yes
starch	amylopectin (starch)	GH13	oligo-alpha-glucosidase	3.2.1.10	
beta-mannan	beta-mannan (plant)	GH26	"exo-beta-1,4-mannobiohydrolase"	3.2.1.100	
host glycan	N-glycan	GH63	processing alpha-glucosidase	3.2.1.106	
alpha-mannan	galactosaminogalactan (fungal exopolysaccharide)	GH114	"endo-alpha-1,4-polygalactosaminidase"	3.2.1.109	Yes
alpha-glucan	dextran (branched alpha-glucan)	GH49	dextranase	3.2.1.11	Yes
alpha-glucan	dextran	GH66	dextranase	3.2.1.11	Yes
host glycan	"human milk oligosaccharides, mucin, host glycan"	GH29	"alpha-1,3/1,4-L-fucosidase"	3.2.1.111	
host glycan	"N-glycan, O-glycans, alpha-mannan (fungi)"	GH38	"mannosyl-oligosaccharide alpha-1,2-mannosidase"	3.2.1.113	
host glycan	protein-linked N-glycan (host glycan)	GH47	alpha-mannosidase	3.2.1.113	
host glycan	host N-glycan	GH92	"mannosyl-oligosaccharide alpha-1,2-mannosidase"	3.2.1.113	
starch	starch	GH13	maltotriose-forming alpha-amylase	3.2.1.116	
glycolipid	glycosphingolipids	GH5	endoglycoceramidase	3.2.1.123	Yes
polyphenol	coniferin (glucoside of coniferyl alcohol)	GH3	coniferin beta-glucosidase	3.2.1.126	
host glycan	host N-glycan	GH99	"glycoprotein endo-alpha-1,2-mannosidase"	3.2.1.130	Yes
xylan	glucuronoxylan	GH115	"xylan alpha-1,2-glucuronidase"	3.2.1.131	
xylan	xylan side chain	GH67	"xylan alpha-1,2-glucuronidase"	3.2.1.131	
chitosan	chitosan	GH5	chitosanase	3.2.1.132	Yes
chitosan	chitosan	GH8	chitosanase	3.2.1.132	Yes
starch	starch	GH13	maltogenic amylase	3.2.1.133	
starch	pullulan (starch degradation by fungi)	GH13	neopullulanase	3.2.1.135	
xylan	xylan	GH30	"glucuronoarabinoxylan endo-beta-1,4-xylanase"	3.2.1.136	Yes
xylan	alpha-glucuronide in glucuronoxylan	GH4	alpha-glucuronidase	3.2.1.139	
xylan	xylan side chain	GH67	alpha-glucuronidase	3.2.1.139	
chitin	chitin	GH18	chitinase	3.2.1.14	Yes
chitin	chitin	GH19	chitinase	3.2.1.14	Yes
chitin	chitin	GH23	chitinase	3.2.1.14	Yes
chitin	chitin and chitodextrin	GH48	chitinase	3.2.1.14	Yes
starch	starch	GH13	malto-oligosyltrehalose trehalohydrolase	3.2.1.141	
arabinogalactan protein	"beta-1,3-galactan, arabinogalactan"	GH43	"exo-beta-1,3-galactanase"	3.2.1.145	
agarose	neoagarose (marine algae)	GH117	beta-D-galactofuranosidase	3.2.1.146	
beta-galactan	beta-galactoside	GH159	beta-D-galactofuranosidase	3.2.1.146	
alpha-mannan	galactomannan (fungi)	GH2	beta-D-galactofuranosidase	3.2.1.146	
beta-galactan	beta-galactofuranoside	GH43	beta-D-galactofuranosidase	3.2.1.146	
arabinogalactan protein	arabinogalactan (bacteria)	GH5	beta-D-galactofuranosidase	3.2.1.146	
pectin	galacturonan (pectin)	GH28	polygalacturonase	3.2.1.15	Yes
xyloglucan	oligoxyloglucan	GH74	oligoxyloglucan reducing end-specific cellobiohydrolase	3.2.1.150	
xyloglucan	xyloglucan	GH12	xyloglucan hydrolase	3.2.1.151	Yes
xyloglucan	xyloglucan	GH16	xyloglucanase	3.2.1.151	Yes
xyloglucan	xyloglucan	GH44	xyloglucanase	3.2.1.151	Yes
xyloglucan	xyloglucan	GH5	"xyloglucan-specific endo-beta-1,4-glucanase"	3.2.1.151	Yes
xyloglucan	xyloglucan	GH74	xyloglucanase	3.2.1.151	Yes
beta-glucan	xyloglucan	GH9	"xyloglucan-specific endo-beta-1,4-glucanase / endo-xyloglucanase"	3.2.1.151	Yes
host glycan	N-glycan (plant)	GH2	mannosylglycoprotein endo-beta-mannosidase	3.2.1.152	Yes
fructan	fructan	GH32	"fructan beta-(2,1)-fructosidase/1-exohydrolase"	3.2.1.153	
agarose	neoagarose (marine algae)	GH117	alpha-neoagaro-oligosaccharide hydrolase	3.2.1.159	
chitosan	chitosan or chitosan oligosaccharides (nonacetylated chitin)	GH2	exo-beta-glucosaminidase	3.2.1.165	
chitin	"chitosan, chitin"	GH35	exo-beta-glucosaminidase	3.2.1.165	
chitosan	chitosan or chitosan oligosaccharides	GH9	exo-beta-glucosaminidase	3.2.1.165	
host glycan	heparan sulfate proteoglycans	GH79	heparanase	3.2.1.166	Yes
host glycan	cleave beta-O-linked GlcNAc of host glycan	GH84	[protein]-3-O-(GlcNAc)-L-Ser/Thr beta-N-acetylglucosaminidase	3.2.1.169	
peptidoglycan	peptidoglycan	GH108	N-acetylmuramidase	3.2.1.17	
peptidoglycan	peptidoglycan	GH18	lysozyme	3.2.1.17	
peptidoglycan	peptidoglycan	GH19	lysozyme	3.2.1.17	
peptidoglycan	peptidoglycan	GH23	lysozyme type G	3.2.1.17	
peptidoglycan	peptidoglycan	GH24	lysozyme	3.2.1.17	
peptidoglycan	peptidoglycan	GH25	lysozyme	3.2.1.17	
peptidoglycan	peptidoglycan	GH73	lysozyme	3.2.1.17	
alpha-glucan	mannosylglycerate	GH63	mannosylglycerate alpha-mannosidase / mannosylglycerate hydrolase	3.2.1.170	
pectin	pectin (rhamnogalacturonan I)	GH105	unsaturated rhamnogalacturonyl hydrolase	3.2.1.172	
pectin	pectin (rhamnogalacturonan II)	GH138	"rhamnogalacturonan alpha-1,2-galacturonohydrolase"	3.2.1.173	
pectin	pectin (rhamnogalacturonan I)	GH28	"rhamnogalacturonan alpha-1,2-galacturonohydrolase"	3.2.1.173	
pectin	pectin (rhamnogalacturonan I)	GH106	rhamnogalacturonan alpha-L-rhamnohydrolase	3.2.1.174	
pectin	rhamnogalacturonan	GH78	rhamnogalacturonan alpha-L-rhamnohydrolase	3.2.1.174	
cellulose	cellulose	GH48	reducing end-acting cellobiohydrolase	3.2.1.176	
xyloglucan	xyloglucan (plant)	GH31	alpha-xylosidase	3.2.1.177	
porphyran	porphyran (red algal beta-galactose-sulfate)	GH16	[retaining] beta-porphyranase	3.2.1.178	Yes
agarose	porphyran	GH86	beta-porphyranase	3.2.1.178	Yes
sialic acid	"sialic acid (O-glycan, N-glycan, mucin, host glycan)"	GH33	sialidase or neuraminidase	3.2.1.18	
host glycan	sulfated glycosaminoglycans	GH88	unsaturated chondroitin disaccharide hydrolase	3.2.1.180	
arabinogalactan protein	arabinogalactan proteins	GH127	beta-L-arabinofuranosidase	3.2.1.185	
pectin	pectin (rhamnogalacturonan II)	GH137	beta-L-arabinofuranosidase	3.2.1.185	
pectin	pectin (rhamnogalacturonan II)	GH142	beta-L-arabinofuranosidase	3.2.1.185	
arabinan	arabinan	GH146	beta-L-arabinofuranosidase	3.2.1.185	
alpha-mannan	alpha-mannans (fungi)	GH99	"mannan endo-1,2-alpha-mannanase"	3.2.1.198	Yes
polyphenol	sulfoquinovoside (plant sulfolipid)	GH31	sulfoquinovosidase	3.2.1.199	
starch	starch	GH13	alpha-glucosidase	3.2.1.20	
starch	starch	GH31	alpha-glucosidase	3.2.1.20	
starch	maltose and other small maltooligosaccharides	GH4	alpha-glucosidase	3.2.1.20	
alpha-glucan	"nigerose, trehalose, kojibiose, and maltooligosaccharide"	GH63	alpha-glucosidase	3.2.1.20	
alpha-glucan	alpha-glucose	GH76	alpha-glucosidase	3.2.1.20	
alpha-glucan	alpha-glucose residue	GH97	alpha-glucosidase	3.2.1.20	
beta-glucan	beta-glucoside	GH1	beta-glucosidase	3.2.1.21	
exo-polysaccharide	"human bile acid, archaea exo-polysaccharide (EPS)"	GH116	beta-glucosidase	3.2.1.21	
beta-glucan	beta-glucoside	GH2	beta-glucosidase	3.2.1.21	
beta-glucan	beta-glucan	GH3	beta-glucosidase	3.2.1.21	
beta-glucan	beta-glucan	GH30	beta-glucosidase	3.2.1.21	
beta-glucan	"beta-glucoside (exopolysaccharide, cellubiose)"	GH39	beta-glucosidase	3.2.1.21	
polyphenol	naringenin (flavonoid) and tea aroma	GH5	beta-glucosidase	3.2.1.21	
fucoidan	Sulfated fucans (algae)	GH168	"endo-alpha-(1,3)-L-fucanase"	3.2.1.211	Yes
beta-glucan	"beta-1,2-glucan (bacteria)"	GH144	"beta-1,2-glucooligosaccharide sophorohydrolase"	3.2.1.214	
host glycan	"blood group B substances, host glycans"	GH110	alpha-galactosidase	3.2.1.22	
alpha-galactan	"alpha-galactoside, galactose oligosaccharides (plant), galactomannans (plant) and galactolipid (animal)"	GH27	alpha-galactosidase	3.2.1.22	
alpha-galactan	alpha-galactoside	GH31	alpha-galactosidase	3.2.1.22	
alpha-galactan	"alpha-galactoside (galactose oligosaccharides, galactomannans and galactolipid)"	GH36	alpha-galactosidase	3.2.1.22	
raffinose	alpha-galactoside (raffinose family of oligosaccharides)	GH4	alpha-galactosidase	3.2.1.22	
alpha-galactan	"alpha-galactoside, melibiose and raffinose"	GH57	alpha-galactosidase	3.2.1.22	
alpha-glucan	"alpha-galactoside, alpha-fucoside"	GH97	alpha-galactosidase	3.2.1.22	
beta-galactan	beta-galactoside	GH1	beta-galactosidase	3.2.1.23	
beta-galactan	galactan	GH147	beta-galactosidase	3.2.1.23	
beta-galactan	beta-galactoside	GH165	beta-galactosidase	3.2.1.23	
pectin	beta-galactoside (pectin)	GH173	β-galactosidase (EC 3.2.1.23)	3.2.1.23	
beta-galactan	beta-galactoside	GH2	beta-galactosidase	3.2.1.23	
pectin	beta-galactoside (pectin)	GH35	beta-galactosidase	3.2.1.23	
beta-galactan	beta-galactoside	GH39	beta-galactosidase	3.2.1.23	
arabinogalactan protein	"beta-1,6/1,3-galactoside (arabinogalactan)"	GH42	beta-galactosidase	3.2.1.23	
alpha-mannan	alpha-mannoside	GH31	alpha-mannosidase	3.2.1.24	
host glycan	"N-glycan, O-glycans, alpha-mannan (fungi)"	GH38	alpha-mannosidase	3.2.1.24	
host glycan	host N-glycan	GH92	alpha-mannosidase	3.2.1.24	
beta-mannan	beta-mannoside	GH1	beta-mannosidase	3.2.1.25	
beta-mannan	beta-mannoside	GH164	beta-mannosidase	3.2.1.25	
beta-mannan	beta-mannoside	GH2	beta-mannosidase	3.2.1.25	
beta-mannan	"N-glycan, beta-mannan"	GH5	beta-mannosidase	3.2.1.25	
sucrose	sucrose	GH100	alkaline and neutral invertase	3.2.1.26	
fructan	"fructan(inulin, levan and sucrose)"	GH32	invertase	3.2.1.26	
fructan	synthesize β (2-1)-linked fructan	GH68	beta-fructofuranosidase	3.2.1.26	
trehalose	trehalose	GH15	"alpha,alpha-trehalase"	3.2.1.28	
trehalose	alpha-trehalose	GH37	"alpha,alpha-trehalase"	3.2.1.28	
alpha-glucan	trehalose	GH65	"alpha,alpha-trehalase"	3.2.1.28	
starch	starch	GH15	glucoamylase	3.2.1.3	
alpha-glucan	beta-glucose	GH97	glucoamylase	3.2.1.3	
beta-glucuronan	beta-glucuronoside	GH1	beta-glucuronidase	3.2.1.31	
arabinogalactan protein	arabinogalactan proteins	GH154	beta-glucuronidase	3.2.1.31	
beta-glucuronan	beta-glucuronoside	GH2	beta-glucuronidase	3.2.1.31	
beta-glucuronan	beta-glucuronoside	GH30	beta-glucuronidase	3.2.1.31	
arabinogalactan protein	arabinogalactan protein	GH79	beta-glucuronidase	3.2.1.31	
xylan	xylan	GH10	"endo-1,3-beta-xylanase"	3.2.1.32	Yes
xylan	"beta(1,3)-xylan (algae)"	GH26	"beta-1,3-xylanase"	3.2.1.32	Yes
starch	maltooligosaccharides	GH13	"amylo-alpha-1,6-glucosidase"	3.2.1.33	
glycogen	glycogen	GH133	"amylo-alpha-1,6-glucosidase"	3.2.1.33	
xylan	"beta-glucoside, beta-xyloside"	GH1	beta-xylosidase	3.2.1.37	
exo-polysaccharide	archaea exo-polysaccharide (EPS)	GH116	beta-xylosidase	3.2.1.37	
xylan	xylan	GH120	beta-xylosidase	3.2.1.37	
xylan	beta-xyloside	GH2	beta-xylosidase	3.2.1.37	
xylan	xylan	GH3	"xylan 1,4-beta-xylosidase"	3.2.1.37	
xylan	xylan	GH30	beta-xylosidase	3.2.1.37	
xylan	xylan	GH39	beta-xylosidase	3.2.1.37	
xylan	xylan	GH43	beta-xylosidase	3.2.1.37	
arabinan	arabinan	GH51	beta-xylosidase	3.2.1.37	
beta-fucosides	beta-fucosides	GH1	beta-D-fucosidase	3.2.1.38	
beta-fucosides	beta-fucoside	GH30	beta-fucosidase	3.2.1.38	
beta-glucan	"beta-1,3-glucan (bacteria, fungi, plant, algae)"	GH128	"beta-1,3-glucanase"	3.2.1.39	Yes
beta-glucan	beta-glucans (bacteria curdlan)	GH157	"endo-beta-1,3-glucanase / laminarinase"	3.2.1.39	Yes
beta-glucan	"beta-glucans (yeast, seaweed, and plant)"	GH158	"endo-beta-1,3-glucanase"	3.2.1.39	Yes
beta-glucan	"beta-1,3-glucan (fungi, algae, plant)"	GH16	"endo-1,3-beta-glucanase / laminarinase"	3.2.1.39	Yes
beta-glucan	"beta-1,3-glucan (algae, plant)"	GH17	"glucan endo-1,3-beta-glucosidase"	3.2.1.39	Yes
beta-glucan	"laminarin (algae), pustulan (fungi)"	GH5	"endo-beta-1,3-glucanase / laminarinase"	3.2.1.39	Yes
beta-glucan	"laminarin (algae), pustulan (fungi)"	GH55	"endo-beta-1,3-glucanase"	3.2.1.39	Yes
beta-glucan	"β-1,3-glucan"	GH81	"endo-beta-1,3-glucanase"	3.2.1.39	Yes
beta-glucan	"cellulose, xylan, beta-1,4-glucan"	GH10	"endo-beta-1,4-glucanase"	3.2.1.4	Yes
cellulose	"cellulose, beta-glucan"	GH12	endoglucanase	3.2.1.4	Yes
beta-mannan	glucomannan	GH148	"beta-1,3-glucanase"	3.2.1.4	Yes
beta-glucan	"cellulose, lichenin and cereal beta-glucan"	GH44	endoglucanase	3.2.1.4	Yes
cellulose	cellulose	GH48	"endo-beta-1,4-glucanase"	3.2.1.4	Yes
beta-glucan	"cellulose, beta-glucan"	GH5	"endo-beta-1,4-glucanase / cellulase"	3.2.1.4	Yes
beta-glucan	"cellulose, beta-glucan"	GH51	endoglucanase	3.2.1.4	Yes
cellulose	carboxymethyl cellulose	GH74	endoglucanase	3.2.1.4	Yes
cellulose	cellulose	GH8	cellulase	3.2.1.4	Yes
cellulose	cellulose	GH9	endoglucanase	3.2.1.4	Yes
pectin	pectin (rhamnogalacturonan II)	GH106	alpha-L-rhamnosidase	3.2.1.40	
alpha-rhamnoside	"α-L-rhamnosidase in polyphenol (naringin, rutin, hesperidin), ulvan, pectin, arabinogalactan-protein"	GH78	alpha-L-rhamnosidase	3.2.1.40	
starch	pullulan (starch degradation by fungi)	GH13	pullulanase	3.2.1.41	Yes
alpha-glucan	"pullulan, maltodextrins and cyclodextrin"	GH57	amylopullulanase	3.2.1.41	Yes
host glycan	lipid glucosylceramide (host cell surface)	GH116	acid beta-glucosidase/beta-glucosylceramidase	3.2.1.45	
host glycan	glycosphingolipid (host glycan)	GH3	beta-glucosylceramidase	3.2.1.45	
host glycan	"glucosylsphingosine, glucosylceramide (host glycans)"	GH30	glucosylceramidase	3.2.1.45	
glycolipid	fungus-specific glucosylceramide (glycolipid)	GH5	beta-glucosylceramidase	3.2.1.45	
glycolipid	"glycosphingolipid, galactolipids"	GH5	beta-galactosylceramidase	3.2.1.46	
host glycan	mucin-type O-glycans	GH109	alpha-N-acetylgalactosaminidase	3.2.1.49	
host glycan	mucin-type O-glycans	GH129	alpha-N-acetylgalactosaminidase	3.2.1.49	
host glycan	"human blood group A, mucin, host glycan"	GH27	alpha-N-acetylgalactosaminidase	3.2.1.49	
host glycan	"human blood group A, mucin, host glycan"	GH31	alpha-N-acetylgalactosaminidase	3.2.1.49	
host glycan	"acetylgalactosamine (human blood group A and b, mucin glycoproteins)"	GH36	alpha-N-acetylgalactosaminidase	3.2.1.49	
host glycan	α-Linked N-acetylglucosamine mucin	GH89	alpha-N-acetylglucosaminidase	3.2.1.50	
pectin	pectin (rhamnogalacturonan II)	GH141	alpha-L-fucosidase	3.2.1.51	
human milk polysaccharide	fucosylated human milk oligosaccharides	GH151	alpha-L-fucosidase	3.2.1.51	
host glycan	"human milk oligosaccharides, mucin, host glycan"	GH29	alpha-L-fucosidase	3.2.1.51	
host glycan	alpha-L-fucoside	GH95	alpha-L-fucosidase	3.2.1.51	
host glycan	mucin-type O-glycans	GH109	beta-N-acetylhexosaminidase	3.2.1.52	
exo-polysaccharide	archaea exo-polysaccharide (EPS)	GH116	beta-N-acetylglucosaminidase	3.2.1.52	
host glycan	"N-glycan (host glycan, human milk oligosaccharides, chitin)"	GH20	beta-hexosaminidase	3.2.1.52	
chitin	"chitin, peptidoglycan"	GH3	beta-N-acetylhexosaminidase	3.2.1.52	
chitin	chitin	GH5	beta-N-acetylhexosaminidase	3.2.1.52	
host glycan	mucin	GH84	N-acetyl beta-glucosaminidase	3.2.1.52	
starch	cyclomaltodextrins	GH13	cyclomaltodextrinase	3.2.1.54	
alpha-glucan	"pullulan, maltodextrins and cyclodextrin"	GH57	cyclomaltodextrinase	3.2.1.54	
arabinan	arabinan	GH2	alpha-L-arabinofuranosidase	3.2.1.55	
arabinan	"arabinan, arabinoxylan"	GH3	alpha-L-arabinofuranosidase	3.2.1.55	
xylan	"arabinoxylan (galacto-(α-1,2)-arabinosidase)"	GH39	alpha-L-arabinofuranosidase	3.2.1.55	
xylan	arabinoxylan	GH43	alpha-L-arabinofuranosidase	3.2.1.55	
arabinan	arabinan	GH5	alpha-L-arabinofuranosidase	3.2.1.55	
arabinan	"arabinan, arabinoxylan"	GH51	alpha-L-arabinofuranosidase	3.2.1.55	
arabinan	"arabinoxylans, arabinogalactans, arabinan"	GH62	alpha-L-arabinofuranosidase	3.2.1.55	
alpha-glucan	"α-1,3-glucan"	GH71	"alpha-1,3-glucanase"	3.2.1.59	Yes
alpha-glucan	nigeran (alpha-glucan  in fungi)	GH87	"alpha-1,3-glucanase"	3.2.1.59	Yes
beta-glucan	"beta-1,3-1,4-glucan (laminarin, lichenin and cereal D-glucans)"	GH16	"endo-1,3(4)-beta-glucanase"	3.2.1.6	Yes
beta-glucan	"beta-glucan (laminarin, lichenin and cereal D-glucans)"	GH8	"endo-beta-1,3(4)-glucanase / lichenase-laminarinase"	3.2.1.6	Yes
beta-glucan	"beta-glucan(laminarin, lichenin and cereal D-glucans)"	GH9	"endo-beta-1,3(4)-glucanase / lichenase-laminarinase"	3.2.1.6	Yes
host glycan	"human milk oligosaccharides, mucin, host glycan"	GH29	"alpha-1,2-L-fucosidase"	3.2.1.63	
"xyloglucan, host glycan"	"alpha1,2-L-fucosidase sugar"	GH95	"alpha-1,2-L-fucosidase"	3.2.1.63	
fructan	"fructan(inulin, levan and sucrose)"	GH32	"beta-2,6-fructan 6-levanbiohydrolase"	3.2.1.64	
fructan	levan (fructan)	GH32	endo-levanase	3.2.1.65	Yes
pectin	galacturonan (pectin)	GH28	exo-polygalacturonase	3.2.1.67	
pectin	galacturonides (polygalacturonan of pectin)	GH4	alpha-galacturonase	3.2.1.67	
starch	"starch, glycogen, and malto-oligosaccharides"	GH13	isoamylase	3.2.1.68	
fructan	inulin	GH32	endo-inulinase	3.2.1.7	Yes
starch	"starch, glycogen, and α-1,6 glucan"	GH13	glucodextranase	3.2.1.70	
starch	starch	GH15	glucodextranase	3.2.1.70	
beta-glucan	"beta-1,2-glucan (bacteria)"	GH144	"endo-beta-1,2-glucanase"	3.2.1.71	Yes
beta-glucan	mixed-linkage glucan	GH12	"beta-1,3-1,4-glucanase"	3.2.1.73	Yes
beta-glucan	"beta-1,3-1,4-glucan (laminarin, lichenin and cereal D-glucans)"	GH16	licheninase	3.2.1.73	Yes
beta-glucan	"beta-1,3-1,4-glucan (laminarin, lichenin and cereal D-glucans)"	GH17	licheninase	3.2.1.73	Yes
beta-glucan	beta-glucan	GH26	"lichenase / endo-beta-1,3-1,4-glucanase"	3.2.1.73	Yes
beta-glucan	"beta-1,3-glucan (laminarin, lichenin and cereal D-glucans)"	GH3	"lichenase / endo-beta-1,3-1,4-glucanase"	3.2.1.73	Yes
beta-glucan	"beta-glucan(contains both (1->3)- and (1->4)-bonds),lichenin and cereal beta-glucan"	GH5	"lichenase / endo-beta-1,3-1,4-glucanase"	3.2.1.73	Yes
beta-glucan	beta-glucan (lichenin and cereal beta-glucan)	GH8	licheninase	3.2.1.73	
beta-glucan	"beta-glucan, lichenin"	GH9	"lichenase / endo-beta-1,3-1,4-glucanase"	3.2.1.73	Yes
beta-glucan	beta-glucoside	GH1	"exo-beta-1,4-glucanase"	3.2.1.74	
beta-glucan	"cellodextrin (beta-1,3-glucan)"	GH3	"glucan 1,4-beta-glucosidase"	3.2.1.74	
cellulose	beta-glucoside (cellubiose)	GH39	"exo-beta-1,4-glucanase / cellodextrinase"	3.2.1.74	
cellulose	cellulose and similar substrates	GH5	"exo-beta-1,4-glucanase / cellodextrinase"	3.2.1.74	
cellulose	cellulose	GH9	"exo-beta-1,4-glucanase / cellodextrinase"	3.2.1.74	
beta-glucan	"beta-1,6-glucan (fungal and algal cell wall)"	GH30	"beta-1,6-glucanase"	3.2.1.75	Yes
beta-glucan	"laminarin (algae), pustulan (fungi)"	GH5	"glucan endo-1,6-beta-glucosidase"	3.2.1.75	Yes
beta-mannan	beta-mannan	GH113	beta-mannanase	3.2.1.78	Yes
beta-mannan	beta-mannan (plant)	GH26	beta-mannanase	3.2.1.78	Yes
beta-mannan	"mannans, galactomannans and glucomannan"	GH5	"mannan endo-beta-1,4-mannosidase"	3.2.1.78	Yes
xylan	xylan	GH10	"endo-1,4-beta-xylanase"	3.2.1.8	Yes
xylan	xylan	GH141	xylanase	3.2.1.8	Yes
xylan	xylan	GH30	"endo-beta-1,4-xylanase"	3.2.1.8	Yes
xylan	xylan	GH43	xylanase	3.2.1.8	Yes
xylan	xylan	GH5	"endo-beta-1,4-xylanase"	3.2.1.8	Yes
xylan	xylan	GH51	"endo-beta-1,4-xylanase"	3.2.1.8	Yes
xylan	xylan	GH8	"endo-1,4-beta-xylanase"	3.2.1.8	Yes
agarose	agarose	GH16	beta-agarase	3.2.1.81	Yes
agarose	"porphyran, agarose"	GH50	beta-agarase	3.2.1.81	Yes
agarose	"porphyran, agarose"	GH86	beta-agarase	3.2.1.81	Yes
beta-glucan	6-phospho-beta-glucoside	GH1	6-phospho-beta-glucosidase	3.2.1.86	
beta-glucan	"beta-glucoside (sinigrin, cellubiose)"	GH4	6-phospho-beta-glucosidase	3.2.1.86	
arabinogalactan protein	arabinogalactan	GH27	beta-L-arabinopyranosidase	3.2.1.88	
beta-galactan	galactan	GH147	beta-galactosidase	3.2.1.89	Yes
arabinogalactan protein	arabinogalactan	GH53	"endo-beta-1,4-galactanase"	3.2.1.89	Yes
cellulose	cellulose	GH5	"cellulose beta-1,4-cellobiosidase"	3.2.1.91	
cellulose	cellulose and cellotetraose	GH9	cellobiohydrolase	3.2.1.91	
peptidoglycan	peptidoglycan	GH171	peptidoglycan beta-N-acetylmuramidase	3.2.1.92	
host glycan	N-glycan (host glycan)	GH18	endo-beta-N-acetylglucosaminidase	3.2.1.96	Yes
peptidoglycan	peptidoglycan	GH73	mannosyl-glycoprotein endo-beta-N-acetylglucosaminidase	3.2.1.96	Yes
starch	"starch, glycogen, and malto-oligosaccharides"	GH13	maltohexaose-forming alpha-amylase	3.2.1.98	
arabinan	arabinan	GH43	"[inverting] endo-alpha-1,5-L-arabinanase"	3.2.1.99	Yes
arabinogalactan protein	arabinogalactan	PL42	"L-rhamnose-α-1,4-D-glucuronate lyase"	4.2.2.-	
alginate	alginate	PL6	MG-specific alginate lyase	4.2.2.-	
alginate	alginate	PL7	poly-(MG)-lyase / MG-specific alginate lyase	4.2.2.-	
host glycan	hyaluronate(host glycan)	PL33	hyaluronate lyase	4.2.2.1	
host glycan	hyaluronan	PL8	hyaluronate lyase	4.2.2.1	
alginate	alginate	PL6	poly(alpha-L-guluronate) lyase / G-specific alginate lyase	4.2.2.11	
alginate	alginate	PL7	alpha-L-guluronate lyase / G-specific alginate lyase	4.2.2.11	
host glycan	host glycan	PL14	"beta-1,4-glucuronan lyase"	4.2.2.14	
host glycan	host glycan	PL31	"endo-beta-1,4-glucuronan lyase"	4.2.2.14	Yes
host glycan	host glycan	PL38	"endo-beta-1,4-glucuronan lyase"	4.2.2.14	Yes
host glycan	host glycan	PL5	"endo-beta-1,4-glucuronan lyase"	4.2.2.14	Yes
host glycan	glucuronan(host glycan)	PL7	"endo-beta-1,4-glucuronan lyase"	4.2.2.14	Yes
pectin	pectin	PL1	pectate lyase	4.2.2.2	
pectin	pectin	PL10	pectate lyase	4.2.2.2	
pectin	pectate	PL3	pectate lyase	4.2.2.2	
pectin	pectate	PL9	pectate lyase	4.2.2.2	
host glycan	glycosaminoglycans(host glycan)	PL29	chondroitin-sulfate ABC endolyase	4.2.2.20	Yes
host glycan	glycosaminoglycans(host glycan)	PL33	chondroitin sulfate lyase	4.2.2.20	Yes
host glycan	glycosaminoglycans(host glycan)	PL37	chondroitin-sulfate ABC endolyase	4.2.2.20	Yes
host glycan	glycosaminoglycans(host glycan)	PL8	chondroitin ABC lyase	4.2.2.20	Yes
pectin	rhamnogalacturonan I(pectin from the plant cell wall)	PL11	rhamnogalacturonan endolyase	4.2.2.23	Yes
pectin	rhamnogalacturonan I(pectin from the plant cell wall)	PL4	rhamnogalacturonan endolyase	4.2.2.23	Yes
pectin	rhamnogalacturonan I(pectin from the plant cell wall)	PL9	rhamnogalacturonan endolyase	4.2.2.23	Yes
pectin	rhamnogalacturonan I(pectin from the plant cell wall)	PL11	rhamnogalacturonan exolyase	4.2.2.24	
pectin	rhamnogalacturonan I(pectin from the plant cell wall)	PL26	rhamnogalacturonan exolyase	4.2.2.24	
alginate	alginate	PL14	exo-oligoalginate lyase	4.2.2.26	
alginate	alginate	PL15	oligoalginate lyase / exo-alginate lyase	4.2.2.26	
alginate	alginate	PL17	oligoalginate lyase	4.2.2.26	
alginate	alginate	PL6	oligoalginate lyase / exo-alginate lyase	4.2.2.26	
alginate	alginate	PL7	oligoalginate lyase / exo-alginate lyase	4.2.2.26	
alginate	alginate	PL14	poly(beta-mannuronate) lyase / M-specific alginate lyase	4.2.2.3	
alginate	alginate	PL15	alginate lyase	4.2.2.3	
alginate	alginate	PL17	alginate lyase	4.2.2.3	
alginate	alginate	PL31	poly(beta-mannuronate) lyase / M-specific alginate lyase	4.2.2.3	
alginate	alginate	PL5	alginate lyase	4.2.2.3	
alginate	alginate	PL6	alginate lyase	4.2.2.3	
alginate	alginate	PL7	poly(beta-mannuronate) lyase / M-specific alginate lyase	4.2.2.3	
alginate	alginate	PL8	poly(beta-mannuronate) lyase / M-specific alginate lyase	4.2.2.3	
host glycan	glycosaminoglycans(host glycan)	PL8	chondroitin AC lyase	4.2.2.5	
pectin	pectin( D-galacturonate)	PL22	oligogalacturonate lyase / oligogalacturonide lyase	4.2.2.6	
host glycan	heparin sulfate(host glycan)	PL12	heparin-sulfate lyase	4.2.2.8	
host glycan	heparin sulfate(host glycan)	PL15	heparin-sulfate lyase / heparin lyase III	4.2.2.8	
host glycan	heparin sulfate(host glycan)	PL37	heparin-sulfate lyase / heparin lyase III	4.2.2.8	
peptidoglycan	peptidoglycan	GH23	peptidoglycan lyase ( also known in the literature as peptidoglycan lytic transglycosylase)	4.2.2.n1	
sucrose	sucrose	GH13	isomaltulose synthase	5.4.99.11	
starch	starch	GH13	malto-oligosyltrehalose synthase	5.4.99.15	
starch	maltose	GH13	trehalose synthase	5.4.99.16	
sucrose	sucrose 6(F)-phosphate	GH13	amino acid transporter	NA	
